OBJECTID	ADMUNAFR	ADMUNADU	ADMUNAGE	Communes	CODE_INS	arrond	RVALUE
1	AARTSELAAR	AARTSELAAR	AARTSELAAR	Aartselaar	11001	11	0.687883018030164
2	ANVERS	ANTWERPEN	ANTWERPEN	Antwerpen	11002	11	0.623363287092522
3	BOECHOUT	BOECHOUT	BOECHOUT	Boechout	11004	11	0.709021865267434
4	BOOM	BOOM	BOOM	Boom	11005	11	0.678897926982586
5	BORSBEEK	BORSBEEK	BORSBEEK	Borsbeek	11007	11	0.461032281415049
6	BRASSCHAAT	BRASSCHAAT	BRASSCHAAT	Brasschaat	11008	11	0.886073965270291
7	BRECHT	BRECHT	BRECHT	Brecht	11009	11	0.4693396871151
8	EDEGEM	EDEGEM	EDEGEM	Edegem	11013	11	0.461819507981114
9	ESSEN	ESSEN	ESSEN	Essen	11016	11	0.48248313029988
10	HEMIKSEM	HEMIKSEM	HEMIKSEM	Hemiksem	11018	11	0.476378278278789
11	HOVE	HOVE	HOVE	Hove	11021	11	0.751733797389835
12	KALMTHOUT	KALMTHOUT	KALMTHOUT	Kalmthout	11022	11	0.468480820573246
13	KAPELLEN	KAPELLEN	KAPELLEN	Kapellen	11023	11	0.451678208250647
14	KONTICH	KONTICH	KONTICH	Kontich	11024	11	0.624241971119628
15	LINT	LINT	LINT	Lint	11025	11	0.549547156572776
16	MORTSEL	MORTSEL	MORTSEL	Mortsel	11029	11	0.408471321675198
17	NIEL	NIEL	NIEL	Niel	11030	11	0.631898316134731
18	RANST	RANST	RANST	Ranst	11035	11	0.630623638218345
19	RUMST	RUMST	RUMST	Rumst	11037	11	0.665918970593033
20	SCHELLE	SCHELLE	SCHELLE	Schelle	11038	11	0.406275432255357
21	SCHILDE	SCHILDE	SCHILDE	Schilde	11039	11	0.6633728728646
22	SCHOTEN	SCHOTEN	SCHOTEN	Schoten	11040	11	0.43377034805516
23	STABROEK	STABROEK	STABROEK	Stabroek	11044	11	0.547469280706988
24	WIJNEGEM	WIJNEGEM	WIJNEGEM	Wijnegem	11050	11	0.466938731912171
25	WOMMELGEM	WOMMELGEM	WOMMELGEM	Wommelgem	11052	11	0.502278331307196
26	WUUSTWEZEL	WUUSTWEZEL	WUUSTWEZEL	Wuustwezel	11053	11	0.269174608312715
27	ZANDHOVEN	ZANDHOVEN	ZANDHOVEN	Zandhoven	11054	11	0.18956550388172
28	ZOERSEL	ZOERSEL	ZOERSEL	Zoersel	11055	11	0.554579974126487
29	ZWIJNDRECHT	ZWIJNDRECHT	ZWIJNDRECHT	Zwijndrecht	11056	11	0.200783847925673
30	MALLE	MALLE	MALLE	Malle	11057	11	0.790876524665123
31	BERLAAR	BERLAAR	BERLAAR	Berlaar	12002	12	0.472634779660391
32	BONHEIDEN	BONHEIDEN	BONHEIDEN	Bonheiden	12005	12	0.192476006777672
33	BORNEM	BORNEM	BORNEM	Bornem	12007	12	0.459456660236802
34	DUFFEL	DUFFEL	DUFFEL	Duffel	12009	12	0.663274946381124
35	HEIST-OP-DEN-BERG	HEIST-OP-DEN-BERG	HEIST-OP-DEN-BERG	Heist-op-den-Berg	12014	12	0.771827870993759
36	LIERRE	LIER	LIER	Lier	12021	12	0.555173616477531
37	MALINES	MECHELEN	MECHELEN	Mechelen	12025	12	0.549530436750902
38	NIJLEN	NIJLEN	NIJLEN	Nijlen	12026	12	0.457325830777684
39	PUTTE	PUTTE	PUTTE	Putte	12029	12	0.355585553802091
40	PUURS	PUURS	PUURS	Puurs	12030	12	0.588991278533491
41	SINT-AMANDS	SINT-AMANDS	SINT-AMANDS	Sint-Amands	12034	12	0.398619798528688
42	WAVRE-SAINTE-CATHERINE	SINT-KATELIJNE-WAVER	SINT-KATELIJNE-WAVER	Sint-Katelijne-Waver	12035	12	0.526324467676403
43	WILLEBROEK	WILLEBROEK	WILLEBROEK	Willebroek	12040	12	0.490296876743184
44	ARENDONK	ARENDONK	ARENDONK	Arendonk	13001	13	0.595899177062711
45	BAERLE-DUC	BAARLE-HERTOG	BAARLE-HERTOG	Baarle-Hertog	13002	13	0.342535510136507
46	BALEN	BALEN	BALEN	Balen	13003	13	0.818839143881145
47	BEERSE	BEERSE	BEERSE	Beerse	13004	13	0.469580033944866
48	DESSEL	DESSEL	DESSEL	Dessel	13006	13	0.401773376501533
49	GEEL	GEEL	GEEL	Geel	13008	13	0.40146039541485
50	GROBBENDONK	GROBBENDONK	GROBBENDONK	Grobbendonk	13010	13	0.306333164151301
51	HERENTALS	HERENTALS	HERENTALS	Herentals	13011	13	0.350148332510769
52	HERENTHOUT	HERENTHOUT	HERENTHOUT	Herenthout	13012	13	0.282693947231766
53	HERSELT	HERSELT	HERSELT	Herselt	13013	13	0.485952571310606
54	HOOGSTRATEN	HOOGSTRATEN	HOOGSTRATEN	Hoogstraten	13014	13	0.504315640289613
55	HULSHOUT	HULSHOUT	HULSHOUT	Hulshout	13016	13	0.453876830937021
56	KASTERLEE	KASTERLEE	KASTERLEE	Kasterlee	13017	13	0.636025544208815
57	LILLE	LILLE	LILLE	Lille	13019	13	0.556240020997564
58	MEERHOUT	MEERHOUT	MEERHOUT	Meerhout	13021	13	0.313944018678272
59	MERKSPLAS	MERKSPLAS	MERKSPLAS	Merksplas	13023	13	0.38553924656007
60	MOL	MOL	MOL	Mol	13025	13	0.351757288015271
61	OLEN	OLEN	OLEN	Olen	13029	13	0.413991680813408
62	OUD-TURNHOUT	OUD-TURNHOUT	OUD-TURNHOUT	Oud-Turnhout	13031	13	0.396392060949121
63	RAVELS	RAVELS	RAVELS	Ravels	13035	13	0.533487695633542
64	RETIE	RETIE	RETIE	Retie	13036	13	0.362851061731142
65	RIJKEVORSEL	RIJKEVORSEL	RIJKEVORSEL	Rijkevorsel	13037	13	0.732352564413954
66	TURNHOUT	TURNHOUT	TURNHOUT	Turnhout	13040	13	0.317823295128047
67	VORSELAAR	VORSELAAR	VORSELAAR	Vorselaar	13044	13	0.436868452243472
68	VOSSELAAR	VOSSELAAR	VOSSELAAR	Vosselaar	13046	13	0.298889951574528
69	WESTERLO	WESTERLO	WESTERLO	Westerlo	13049	13	0.652812858981578
70	LAAKDAL	LAAKDAL	LAAKDAL	Laakdal	13053	13	0.805727261649092
71	ANDERLECHT	ANDERLECHT	ANDERLECHT	Anderlecht	21001	21	0.535625591055785
72	AUDERGHEM	OUDERGHEM	AUDERGHEM	Oudergem	21002	21	0.17400421653588
73	BERCHEM-SAINTE-AGATHE	SINT-AGATHA-BERCHEM	SINT-AGATHA-BERCHEM	Sint-Agatha-Berchem	21003	21	0.640933535534456
74	BRUXELLES	BRUSSEL	BRUSSEL	Bruxelles	21004	21	0.641207524018387
75	ETTERBEEK	ETTERBEEK	ETTERBEEK	Etterbeek	21005	21	0.649654369452596
76	EVERE	EVERE	EVERE	Evere	21006	21	0.443148647164391
77	FOREST	VORST	VORST	Forest	21007	21	0.423577839215284
78	GANSHOREN	GANSHOREN	GANSHOREN	Ganshoren	21008	21	0.476281464950708
79	IXELLES	ELSENE	ELSENE	Ixelles	21009	21	0.577288763628859
80	JETTE	JETTE	JETTE	Jette	21010	21	0.350126011784828
81	KOEKELBERG	KOEKELBERG	KOEKELBERG	Koekelberg	21011	21	0.721183336407954
82	MOLENBEEK-SAINT-JEAN	SINT-JANS-MOLENBEEK	SINT-JANS-MOLENBEEK	Sint-Jans-Molenbeek	21012	21	0.377614581954418
83	SAINT-GILLES	SINT-GILLIS	SINT-GILLIS	Saint-Gilles	21013	21	0.547838554843327
84	SAINT-JOSSE-TEN-NOODE	SINT-JOOST-TEN-NODE	SINT-JOOST-TEN-NODE	Sint-Joost-ten-Node	21014	21	0.639436064324225
85	SCHAERBEEK	SCHAARBEEK	SCHAARBEEK	Schaerbeek	21015	21	0.405162439249575
86	UCCLE	UKKEL	UKKEL	Uccle	21016	21	0.32121066553604
87	WATERMAEL-BOITSFORT	WATERMAAL-BOSVOORDE	WATERMAAL-BOSVOORDE	Watermael-Boitsfort	21017	21	0.271051446848076
88	WOLUWE-SAINT-LAMBERT	SINT-LAMBRECHTS-WOLUWE	SINT-LAMBRECHTS-WOLUWE	Sint-Lambrechts-Woluwe	21018	21	0.577196914493502
89	WOLUWE-SAINT-PIERRE	SINT-PIETERS-WOLUWE	SINT-PIETERS-WOLUWE	Sint-Pieters-Woluwe	21019	21	0.565291561411805
90	ASSE	ASSE	ASSE	Asse	23002	23	0.478997944532604
91	BEERSEL	BEERSEL	BEERSEL	Beersel	23003	23	0.388602118112171
92	BIEVENE	BEVER	BEVER	Bever	23009	23	0.595063355236551
93	DILBEEK	DILBEEK	DILBEEK	Dilbeek	23016	23	0.530864984129177
94	GAMMERAGES	GALMAARDEN	GALMAARDEN	Galmaarden	23023	23	0.572365493130094
95	GOOIK	GOOIK	GOOIK	Gooik	23024	23	0.39201923943709
96	GRIMBERGEN	GRIMBERGEN	GRIMBERGEN	Grimbergen	23025	23	0.850004628829774
97	HALLE	HAL	HAL	Halle	23027	23	0.567475927265785
98	HERNE	HERNE	HERNE	Herne	23032	23	0.560685118782568
99	HOEILAART	HOEILAART	HOEILAART	Hoeilaart	23033	23	0.499153500151093
100	KAMPENHOUT	KAMPENHOUT	KAMPENHOUT	Kampenhout	23038	23	0.468843019556558
101	KAPELLE-OP-DEN-BOS	KAPELLE-OP-DEN-BOS	KAPELLE-OP-DEN-BOS	Kapelle-op-den-Bos	23039	23	0.47157062915976
102	LIEDEKERKE	LIEDEKERKE	LIEDEKERKE	Liedekerke	23044	23	0.666624563532244
103	LONDERZEEL	LONDERZEEL	LONDERZEEL	Londerzeel	23045	23	0.593902033467866
104	MACHELEN	MACHELEN	MACHELEN	Machelen	23047	23	0.619399642970124
105	MEISE	MEISE	MEISE	Meise	23050	23	0.325424395438448
106	MERCHTEM	MERCHTEM	MERCHTEM	Merchtem	23052	23	0.38567376627796
107	OPWIJK	OPWIJK	OPWIJK	Opwijk	23060	23	0.471200378758504
108	OVERIJSE	OVERIJSE	OVERIJSE	Overijse	23062	23	0.546850811723824
109	PEPINGEN	PEPINGEN	PEPINGEN	Pepingen	23064	23	0.23683787130085
110	SINT-PIETERS-LEEUW	SINT-PIETERS-LEEUW	SINT-PIETERS-LEEUW	Sint-Pieters-Leeuw	23077	23	0.617159384168694
111	STEENOKKERZEEL	STEENOKKERZEEL	STEENOKKERZEEL	Steenokkerzeel	23081	23	0.657802350716525
112	TERNAT	TERNAT	TERNAT	Ternat	23086	23	0.370347653664877
113	VILVORDE	VILVOORDE	VILVOORDE	Vilvoorde	23088	23	0.39973649561883
114	ZAVENTEM	ZAVENTEM	ZAVENTEM	Zaventem	23094	23	0.542353426576947
115	ZEMST	ZEMST	ZEMST	Zemst	23096	23	0.533406531292214
116	ROOSDAAL	ROOSDAAL	ROOSDAAL	Roosdaal	23097	23	0.519723182132441
117	DROGENBOS	DROGENBOS	DROGENBOS	Drogenbos	23098	23	0.518832056730403
118	KRAAINEM	KRAAINEM	KRAAINEM	Kraainem	23099	23	0.514516907939698
119	LINKEBEEK	LINKEBEEK	LINKEBEEK	Linkebeek	23100	23	0.530732827765343
120	RHODE-SAINT-GENESE	SINT-GENESIUS-RODE	SINT-GENESIUS-RODE	Sint-Genesius-Rode	23101	23	0.441509636269766
121	WEMMEL	WEMMEL	WEMMEL	Wemmel	23102	23	0.448918457582524
122	WEZEMBEEK-OPPEM	WEZEMBEEK-OPPEM	WEZEMBEEK-OPPEM	Wezembeek-Oppem	23103	23	0.755697263476939
123	LENNIK	LENNIK	LENNIK	Lennik	23104	23	0.951304510980622
124	AFFLIGEM	AFFLIGEM	AFFLIGEM	Affligem	23105	23	0.526664237292164
125	AARSCHOT	AARSCHOT	AARSCHOT	Aarschot	24001	24	0.414440153924983
126	BEGIJNENDIJK	BEGIJNENDIJK	BEGIJNENDIJK	Begijnendijk	24007	24	0.547104384706596
127	BEKKEVOORT	BEKKEVOORT	BEKKEVOORT	Bekkevoort	24008	24	0.535851185154548
128	BERTEM	BERTEM	BERTEM	Bertem	24009	24	0.891378932674079
129	BIERBEEK	BIERBEEK	BIERBEEK	Bierbeek	24011	24	0.575873909858467
130	BOORTMEERBEEK	BOORTMEERBEEK	BOORTMEERBEEK	Boortmeerbeek	24014	24	0.66142678057954
131	BOUTERSEM	BOUTERSEM	BOUTERSEM	Boutersem	24016	24	0.487359661712393
132	DIEST	DIEST	DIEST	Diest	24020	24	0.754143378143411
133	GEETBETS	GEETBETS	GEETBETS	Geetbets	24028	24	0.678239734871558
134	HAACHT	HAACHT	HAACHT	Haacht	24033	24	0.76140581680154
135	HERENT	HERENT	HERENT	Herent	24038	24	0.285567266346118
136	HOEGAARDEN	HOEGAARDEN	HOEGAARDEN	Hoegaarden	24041	24	0.39262620045933
137	HOLSBEEK	HOLSBEEK	HOLSBEEK	Holsbeek	24043	24	0.499736883011851
138	HULDENBERG	HULDENBERG	HULDENBERG	Huldenberg	24045	24	0.586133483472942
139	KEERBERGEN	KEERBERGEN	KEERBERGEN	Keerbergen	24048	24	0.138532587014378
140	KORTENAKEN	KORTENAKEN	KORTENAKEN	Kortenaken	24054	24	0.196612172987115
141	KORTENBERG	KORTENBERG	KORTENBERG	Kortenberg	24055	24	0.768590669019866
142	LANDEN	LANDEN	LANDEN	Landen	24059	24	0.419649261195316
143	LOUVAIN	LEUVEN	LEUVEN	Leuven	24062	24	0.309849864035876
144	LUBBEEK	LUBBEEK	LUBBEEK	Lubbeek	24066	24	0.409199959642733
145	OUD-HEVERLEE	OUD-HEVERLEE	OUD-HEVERLEE	Oud-Heverlee	24086	24	0.696530256750653
146	ROTSELAAR	ROTSELAAR	ROTSELAAR	Rotselaar	24094	24	0.410912407378618
147	TERVUREN	TERVUREN	TERVUREN	Tervuren	24104	24	0.383547846768404
148	TIRLEMONT	TIENEN	TIENEN	Tienen	24107	24	0.35735206664445
149	TREMELO	TREMELO	TREMELO	Tremelo	24109	24	0.378880394326117
150	LEAU	ZOUTLEEUW	ZOUTLEEUW	Zoutleeuw	24130	24	0.487452800127436
151	LINTER	LINTER	LINTER	Linter	24133	24	0.520688929036072
152	MONTAIGU-ZICHEM	SCHERPENHEUVEL-ZICHEM	SCHERPENHEUVEL-ZICHEM	Scherpenheuvel-Zichem	24134	24	0.5345965247161
153	TIELT-WINGE	TIELT-WINGE	TIELT-WINGE	Tielt-Winge	24135	24	0.497531395313803
154	GLABBEEK	GLABBEEK	GLABBEEK	Glabbeek	24137	24	0.482078450386738
155	BEAUVECHAIN	BEVEKOM	BEAUVECHAIN	Beauvechain	25005	25	0.134114328104612
156	BRAINE-L'ALLEUD	EIGENBRAKEL	BRAINE-L'ALLEUD	Braine-l'Alleud	25014	25	0.541628827762671
157	BRAINE-LE-CHATEAU	KASTEELBRAKEL	BRAINE-LE-CHATEAU	Braine-le-Château	25015	25	0.47963067360782
158	CHAUMONT-GISTOUX	CHAUMONT-GISTOUX	CHAUMONT-GISTOUX	Chaumont-Gistoux	25018	25	0.546007019849601
159	COURT-SAINT-ETIENNE	COURT-SAINT-ETIENNE	COURT-SAINT-ETIENNE	Court-Saint-Etienne	25023	25	0.573825672103992
160	GENAPPE	GENEPIEN	GENAPPE	Genappe	25031	25	0.425023705552674
161	GREZ-DOICEAU	GRAVEN	GREZ-DOICEAU	Grez-Doiceau	25037	25	0.527179615169821
162	INCOURT	INCOURT	INCOURT	Incourt	25043	25	0.622087962655423
163	ITTRE	ITTER	ITTRE	Ittre	25044	25	0.279545713711085
164	JODOIGNE	GELDENAKEN	JODOIGNE	Jodoigne	25048	25	0.297865705728706
165	LA HULPE	TERHULPEN	LA HULPE	La Hulpe	25050	25	0.610581718332543
166	MONT-SAINT-GUIBERT	MONT-SAINT-GUIBERT	MONT-SAINT-GUIBERT	Mont-Saint-Guibert	25068	25	0.635211807495151
167	NIVELLES	NIJVEL	NIVELLES	Nivelles	25072	25	0.296058757732162
168	PERWEZ	PERWIJS	PERWEZ	Perwez	25084	25	0.546845297833331
169	RIXENSART	RIXENSART	RIXENSART	Rixensart	25091	25	0.358715673860242
170	TUBIZE	TUBEKE	TUBIZE	Tubize	25105	25	0.516139327962827
171	VILLERS-LA-VILLE	VILLERS-LA-VILLE	VILLERS-LA-VILLE	Villers-la-Ville	25107	25	0.551243547734386
172	WATERLOO	WATERLOO	WATERLOO	Waterloo	25110	25	0.28136934345387
173	WAVRE	WAVER	WAVRE	Wavre	25112	25	0.389863081035692
174	CHASTRE	CHASTRE	CHASTRE	Chastre	25117	25	0.4234767966616
175	HELECINE	HELECINE	HELECINE	Hélécine	25118	25	0.473093076765931
176	LASNE	LASNE	LASNE	Lasne	25119	25	0.39704602513166
177	ORP-JAUCHE	ORP-JAUCHE	ORP-JAUCHE	Orp-Jauche	25120	25	0.569315113949963
178	OTTIGNIES-LOUVAIN-LA-NEU	OTTIGNIES-LOUVAIN-LA-NEU	OTTIGNIES-LOUVAIN-LA-NEU	Ottignies-Louvain-la-Neuve	25121	25	0.453046830684557
179	RAMILLIES	RAMILLIES	RAMILLIES	Ramillies	25122	25	0.514931943328489
180	REBECQ	REBECQ	REBECQ	Rebecq	25123	25	0.694291016234409
181	WALHAIN	WALHAIN	WALHAIN	Walhain	25124	25	0.480707277876274
182	BEERNEM	BEERNEM	BEERNEM	Beernem	31003	31	0.217893852810896
183	BLANKENBERGE	BLANKENBERGE	BLANKENBERGE	Blankenberge	31004	31	0.456587065923505
184	BRUGES	BRUGGE	BRUGGE	Brugge	31005	31	0.666664963715632
185	DAMME	DAMME	DAMME	Damme	31006	31	0.592220461994744
186	JABBEKE	JABBEKE	JABBEKE	Jabbeke	31012	31	0.570687025783943
187	OOSTKAMP	OOSTKAMP	OOSTKAMP	Oostkamp	31022	31	0.679928477996927
188	TORHOUT	TORHOUT	TORHOUT	Torhout	31033	31	0.497500957058059
189	ZEDELGEM	ZEDELGEM	ZEDELGEM	Zedelgem	31040	31	0.797822498718744
190	ZUIENKERKE	ZUIENKERKE	ZUIENKERKE	Zuienkerke	31042	31	0.400417242094878
191	KNOKKE-HEIST	KNOKKE-HEIST	KNOKKE-HEIST	Knokke-Heist	31043	31	0.512372239808177
192	DIXMUDE	DIKSMUIDE	DIKSMUIDE	Diksmuide	32003	32	0.314496698622896
193	HOUTHULST	HOUTHULST	HOUTHULST	Houthulst	32006	32	0.376551202284966
194	KOEKELARE	KOEKELARE	KOEKELARE	Koekelare	32010	32	0.725001412574382
195	KORTEMARK	KORTEMARK	KORTEMARK	Kortemark	32011	32	0.511663052532872
196	LO-RENINGE	LO-RENINGE	LO-RENINGE	Lo-Reninge	32030	32	0.485822489642667
197	YPRES	IEPER	IEPER	Ieper	33011	33	0.541719983813924
198	MESSINES	MESEN	MESEN	Mesen	33016	33	0.601397685038134
199	POPERINGE	POPERINGE	POPERINGE	Poperinge	33021	33	0.159445929775637
200	WERVIK	WERVIK	WERVIK	Wervik	33029	33	0.494992990430373
201	ZONNEBEKE	ZONNEBEKE	ZONNEBEKE	Zonnebeke	33037	33	0.702749739137869
202	HEUVELLAND	HEUVELLAND	HEUVELLAND	Heuvelland	33039	33	0.354875398675254
203	LANGEMARK-POELKAPELLE	LANGEMARK-POELKAPELLE	LANGEMARK-POELKAPELLE	Langemark-Poelkapelle	33040	33	0.388321900163697
204	VLETEREN	VLETEREN	VLETEREN	Vleteren	33041	33	0.382823590001238
205	ANZEGEM	ANZEGEM	ANZEGEM	Anzegem	34002	34	0.714942176541497
206	AVELGEM	AVELGEM	AVELGEM	Avelgem	34003	34	0.8123840521569
207	DEERLIJK	DEERLIJK	DEERLIJK	Deerlijk	34009	34	0.738264808616878
208	HARELBEKE	HARELBEKE	HARELBEKE	Harelbeke	34013	34	0.345035371563061
209	COURTRAI	KORTRIJK	KORTRIJK	Kortrijk	34022	34	0.560815979995074
210	KUURNE	KUURNE	KUURNE	Kuurne	34023	34	0.362358292426439
211	LENDELEDE	LENDELEDE	LENDELEDE	Lendelede	34025	34	0.57233545569357
212	MENIN	MENEN	MENEN	Menen	34027	34	0.0214540300868904
213	WAREGEM	WAREGEM	WAREGEM	Waregem	34040	34	0.517156064135679
214	WEVELGEM	WEVELGEM	WEVELGEM	Wevelgem	34041	34	0.461330052888841
215	ZWEVEGEM	ZWEVEGEM	ZWEVEGEM	Zwevegem	34042	34	0.517461363447438
216	ESPIERRES-HELCHIN	SPIERE-HELKIJN	SPIERE-HELKIJN	Spiere-Helkijn	34043	34	0.688797754618935
217	BREDENE	BREDENE	BREDENE	Bredene	35002	35	0.657783228147138
218	GISTEL	GISTEL	GISTEL	Gistel	35005	35	0.699778477837724
219	ICHTEGEM	ICHTEGEM	ICHTEGEM	Ichtegem	35006	35	0.440715885177783
220	MIDDELKERKE	MIDDELKERKE	MIDDELKERKE	Middelkerke	35011	35	0.821884810597514
221	OSTENDE	OOSTENDE	OOSTENDE	Oostende	35013	35	0.380681466014599
222	OUDENBURG	OUDENBURG	OUDENBURG	Oudenburg	35014	35	0.643632253094093
223	LE COQ	DE HAAN	DE HAAN	De Haan	35029	35	0.467199863762735
224	HOOGLEDE	HOOGLEDE	HOOGLEDE	Hooglede	36006	36	0.536056627637247
225	INGELMUNSTER	INGELMUNSTER	INGELMUNSTER	Ingelmunster	36007	36	0.580906555039104
226	IZEGEM	IZEGEM	IZEGEM	Izegem	36008	36	0.407402023255467
227	LEDEGEM	LEDEGEM	LEDEGEM	Ledegem	36010	36	0.305287025205393
228	LICHTERVELDE	LICHTERVELDE	LICHTERVELDE	Lichtervelde	36011	36	0.468465977171078
229	MOORSLEDE	MOORSLEDE	MOORSLEDE	Moorslede	36012	36	0.393715387197861
230	ROULERS	ROESELARE	ROESELARE	Roeselare	36015	36	0.488596397056144
231	STADEN	STADEN	STADEN	Staden	36019	36	0.451160447121832
232	DENTERGEM	DENTERGEM	DENTERGEM	Dentergem	37002	37	0.379951825682312
233	MEULEBEKE	MEULEBEKE	MEULEBEKE	Meulebeke	37007	37	0.636223310928962
234	OOSTROZEBEKE	OOSTROZEBEKE	OOSTROZEBEKE	Oostrozebeke	37010	37	0.480482689564757
235	PITTEM	PITTEM	PITTEM	Pittem	37011	37	0.322198718072096
236	RUISELEDE	RUISELEDE	RUISELEDE	Ruiselede	37012	37	0.472176173446195
237	TIELT	TIELT	TIELT	Tielt	37015	37	0.267316523651045
238	WIELSBEKE	WIELSBEKE	WIELSBEKE	Wielsbeke	37017	37	0.358040221187353
239	WINGENE	WINGENE	WINGENE	Wingene	37018	37	0.662658697024307
240	ARDOOIE	ARDOOIE	ARDOOIE	Ardooie	37020	37	0.277545987979554
241	ALVERINGEM	ALVERINGEM	ALVERINGEM	Alveringem	38002	38	0.0787961371405387
242	LA PANNE	DE PANNE	DE PANNE	De Panne	38008	38	0.480276232061262
243	KOKSIJDE	KOKSIJDE	KOKSIJDE	Koksijde	38014	38	0.626103698105073
244	NIEUPORT	NIEUWPOORT	NIEUWPOORT	Nieuwpoort	38016	38	0.638913047262728
245	FURNES	VEURNE	VEURNE	Veurne	38025	38	0.490799888232601
246	ALOST	AALST	AALST	Aalst	41002	41	0.444097614173736
247	DENDERLEEUW	DENDERLEEUW	DENDERLEEUW	Denderleeuw	41011	41	0.562838639654337
248	GRAMMONT	GERAARDSBERGEN	GERAARDSBERGEN	Geraardsbergen	41018	41	0.438016057681716
249	HAALTERT	HAALTERT	HAALTERT	Haaltert	41024	41	0.388683715531139
250	HERZELE	HERZELE	HERZELE	Herzele	41027	41	0.493682609602915
251	LEDE	LEDE	LEDE	Lede	41034	41	0.392053886342425
252	NINOVE	NINOVE	NINOVE	Ninove	41048	41	0.553016490132295
253	SINT-LIEVENS-HOUTEM	SINT-LIEVENS-HOUTEM	SINT-LIEVENS-HOUTEM	Sint-Lievens-Houtem	41063	41	0.408971095067872
254	ZOTTEGEM	ZOTTEGEM	ZOTTEGEM	Zottegem	41081	41	0.379357379747873
255	ERPE-MERE	ERPE-MERE	ERPE-MERE	Erpe-Mere	41082	41	0.607396477300458
256	BERLARE	BERLARE	BERLARE	Berlare	42003	42	0.485687101670183
257	BUGGENHOUT	BUGGENHOUT	BUGGENHOUT	Buggenhout	42004	42	0.254787708833341
258	TERMONDE	DENDERMONDE	DENDERMONDE	Dendermonde	42006	42	0.522030685405789
259	HAMME	HAMME	HAMME	Hamme	42008	42	0.721701295331674
260	LAARNE	LAARNE	LAARNE	Laarne	42010	42	0.147258713154198
261	LEBBEKE	LEBBEKE	LEBBEKE	Lebbeke	42011	42	0.590112867009759
262	WAASMUNSTER	WAASMUNSTER	WAASMUNSTER	Waasmunster	42023	42	0.400240678155763
263	WETTEREN	WETTEREN	WETTEREN	Wetteren	42025	42	0.506464644639094
264	WICHELEN	WICHELEN	WICHELEN	Wichelen	42026	42	0.352117552668722
265	ZELE	ZELE	ZELE	Zele	42028	42	0.236120033074528
266	ASSENEDE	ASSENEDE	ASSENEDE	Assenede	43002	43	0.656393482450027
267	EEKLO	EEKLO	EEKLO	Eeklo	43005	43	0.553420683389284
268	KAPRIJKE	KAPRIJKE	KAPRIJKE	Kaprijke	43007	43	0.81846382274683
269	MALDEGEM	MALDEGEM	MALDEGEM	Maldegem	43010	43	0.552214487832921
270	SINT-LAUREINS	SINT-LAUREINS	SINT-LAUREINS	Sint-Laureins	43014	43	0.595311626782253
271	ZELZATE	ZELZATE	ZELZATE	Zelzate	43018	43	0.556829324520802
272	AALTER	AALTER	AALTER	Aalter	44001	44	0.651632052508526
273	DEINZE	DEINZE	DEINZE	Deinze	44011	44	0.772089634681146
274	DE PINTE	DE PINTE	DE PINTE	De Pinte	44012	44	0.791910140717552
275	DESTELBERGEN	DESTELBERGEN	DESTELBERGEN	Destelbergen	44013	44	0.424754642011214
276	EVERGEM	EVERGEM	EVERGEM	Evergem	44019	44	0.371792552027309
277	GAVERE	GAVERE	GAVERE	Gavere	44020	44	0.488169678456201
278	GAND	GENT	GENT	Gent	44021	44	0.834057940738618
279	KNESSELARE	KNESSELARE	KNESSELARE	Knesselare	44029	44	0.740551424329618
280	LOCHRISTI	LOCHRISTI	LOCHRISTI	Lochristi	44034	44	0.513155704105263
281	LOVENDEGEM	LOVENDEGEM	LOVENDEGEM	Lovendegem	44036	44	0.478742602341331
282	MELLE	MELLE	MELLE	Melle	44040	44	0.321439108726264
283	MERELBEKE	MERELBEKE	MERELBEKE	Merelbeke	44043	44	0.479281134993353
284	MOERBEKE	MOERBEKE	MOERBEKE	Moerbeke	44045	44	0.70345069570995
285	NAZARETH	NAZARETH	NAZARETH	Nazareth	44048	44	0.444103750077391
286	NEVELE	NEVELE	NEVELE	Nevele	44049	44	0.708952528944173
287	OOSTERZELE	OOSTERZELE	OOSTERZELE	Oosterzele	44052	44	0.712618637215385
288	SINT-MARTENS-LATEM	SINT-MARTENS-LATEM	SINT-MARTENS-LATEM	Sint-Martens-Latem	44064	44	0.494715928302071
289	WAARSCHOOT	WAARSCHOOT	WAARSCHOOT	Waarschoot	44072	44	0.341772863609676
290	WACHTEBEKE	WACHTEBEKE	WACHTEBEKE	Wachtebeke	44073	44	0.136464063773371
291	ZOMERGEM	ZOMERGEM	ZOMERGEM	Zomergem	44080	44	0.456240549695304
292	ZULTE	ZULTE	ZULTE	Zulte	44081	44	0.499890839263829
293	KRUISHOUTEM	KRUISHOUTEM	KRUISHOUTEM	Kruishoutem	45017	45	0.375889402592347
294	AUDENARDE	OUDENAARDE	OUDENAARDE	Oudenaarde	45035	45	0.526811437079823
295	RENAIX	RONSE	RONSE	Ronse	45041	45	0.326567400102656
296	ZINGEM	ZINGEM	ZINGEM	Zingem	45057	45	0.446215671680279
297	BRAKEL	BRAKEL	BRAKEL	Brakel	45059	45	0.68891951385322
298	KLUISBERGEN	KLUISBERGEN	KLUISBERGEN	Kluisbergen	45060	45	0.766867725972686
299	WORTEGEM-PETEGEM	WORTEGEM-PETEGEM	WORTEGEM-PETEGEM	Wortegem-Petegem	45061	45	0.290024104750039
300	HOREBEKE	HOREBEKE	HOREBEKE	Horebeke	45062	45	0.518491060646442
301	LIERDE	LIERDE	LIERDE	Lierde	45063	45	0.251026819411836
302	MAARKEDAL	MAARKEDAL	MAARKEDAL	Maarkedal	45064	45	0.533230745787598
303	ZWALM	ZWALM	ZWALM	Zwalm	45065	45	0.765854597907434
304	BEVEREN	BEVEREN	BEVEREN	Beveren	46003	46	0.575919920457036
305	KRUIBEKE	KRUIBEKE	KRUIBEKE	Kruibeke	46013	46	0.676891891506047
306	LOKEREN	LOKEREN	LOKEREN	Lokeren	46014	46	0.495078173883777
307	SINT-GILLIS-WAAS	SINT-GILLIS-WAAS	SINT-GILLIS-WAAS	Sint-Gillis-Waas	46020	46	0.469284727261848
308	SAINT-NICOLAS	SINT-NIKLAAS	SINT-NIKLAAS	Saint-Nicolas	46021	46	0.386830812680605
309	STEKENE	STEKENE	STEKENE	Stekene	46024	46	0.466356124737325
310	TAMISE	TEMSE	TEMSE	Temse	46025	46	0.511611718807013
311	ATH	AAT	ATH	Ath	51004	51	0.511127814613086
312	BELOEIL	BELOEIL	BELOEIL	Belle	51008	51	0.368732900578737
313	BERNISSART	BERNISSART	BERNISSART	Bernissart	51009	51	0.407065272167877
314	BRUGELETTE	BRUGELETTE	BRUGELETTE	Brugelette	51012	51	0.377602073045894
315	CHIEVRES	CHIEVRES	CHIEVRES	Chièvres	51014	51	0.566943342970473
316	ELLEZELLES	ELZELE	ELLEZELLES	Ellezelles	51017	51	0.39078584538221
317	FLOBECQ	VLOESBERG	FLOBECQ	Flobecq	51019	51	0.043982299087124
318	FRASNES-LEZ-ANVAING	FRASNES-LEZ-ANVAING	FRASNES-LEZ-ANVAING	Frasnes-lez-Anvaing	51065	51	0.778126454357418
319	CHAPELLE-LEZ-HERLAIMONT	CHAPELLE-LEZ-HERLAIMONT	CHAPELLE-LEZ-HERLAIMONT	Chapelle-lez-Herlaimont	52010	52	0.457569961445516
320	CHARLEROI	CHARLEROI	CHARLEROI	Charleroi	52011	52	0.547313865889224
321	CHATELET	CHATELET	CHATELET	Châtelet	52012	52	0.392003673376187
322	COURCELLES	COURCELLES	COURCELLES	Courcelles	52015	52	0.260186855537929
323	FARCIENNES	FARCIENNES	FARCIENNES	Farciennes	52018	52	0.322011210211332
324	FLEURUS	FLEURUS	FLEURUS	Fleurus	52021	52	0.333630559486697
325	FONTAINE-L'EVEQUE	FONTAINE-L'EVEQUE	FONTAINE-L'EVEQUE	Fontaine-l'Evêque	52022	52	0.555507549196192
326	GERPINNES	GERPINNES	GERPINNES	Gerpinnes	52025	52	0.446693753219608
327	MANAGE	MANAGE	MANAGE	Manage	52043	52	0.535393486381782
328	MONTIGNY-LE-TILLEUL	MONTIGNY-LE-TILLEUL	MONTIGNY-LE-TILLEUL	Montigny-le-Tilleul	52048	52	0.579420460606238
329	PONT-A-CELLES	PONT-A-CELLES	PONT-A-CELLES	Pont-à-Celles	52055	52	0.63656147523527
330	SENEFFE	SENEFFE	SENEFFE	Seneffe	52063	52	0.606552820583638
331	AISEAU-PRESLES	AISEAU-PRESLES	AISEAU-PRESLES	Aiseau-Presles	52074	52	0.440046462292534
332	LES BONS VILLERS	LES BONS VILLERS	LES BONS VILLERS	Les Bons Villers	52075	52	0.600582100285802
333	BOUSSU	BOUSSU	BOUSSU	Boussu	53014	53	0.431786625025693
334	DOUR	DOUR	DOUR	Dour	53020	53	0.38981048927092
335	FRAMERIES	FRAMERIES	FRAMERIES	Frameries	53028	53	0.62407145081464
336	HENSIES	HENSIES	HENSIES	Hensies	53039	53	0.74160831897914
337	JURBISE	JURBEKE	JURBISE	Jurbise	53044	53	0.342215221399857
338	LENS	LENS	LENS	Lens	53046	53	0.227499468979134
339	MONS	BERGEN	MONS	Mons	53053	53	0.715136903579461
340	QUAREGNON	QUAREGNON	QUAREGNON	Quaregnon	53065	53	0.283139424966906
341	QUIEVRAIN	QUIEVRAIN	QUIEVRAIN	Quiévrain	53068	53	0.533759065884986
342	SAINT-GHISLAIN	SAINT-GHISLAIN	SAINT-GHISLAIN	Saint-Ghislain	53070	53	0.609078765982162
343	COLFONTAINE	COLFONTAINE	COLFONTAINE	Colfontaine	53082	53	0.668688176278024
344	HONNELLES	HONNELLES	HONNELLES	Honnelles	53083	53	0.25609545605984
345	QUEVY	QUEVY	QUEVY	Quévy	53084	53	0.553374020775586
346	MOUSCRON	MOESKROEN	MOUSCRON	Mouscron	54007	54	0.482996351031231
347	COMINES-WARNETON	KOMEN-WAASTEN	COMINES-WARNETON	Comines-Warneton	54010	54	0.28669656276627
348	BRAINE-LE-COMTE	'S GRAVENBRAKEL	BRAINE-LE-COMTE	Braine-le-Comte	55004	55	0.567712189006807
349	ENGHIEN	EDINGEN	ENGHIEN	Enghien	55010	55	0.701008029615706
350	LA LOUVIERE	LA LOUVIERE	LA LOUVIERE	La Louvière	55022	55	0.415043418286947
351	LESSINES	LESSEN	LESSINES	Lessines	55023	55	0.382165742160739
352	LE ROEULX	LE ROEULX	LE ROEULX	Le Roeulx	55035	55	0.494428795969253
353	SILLY	OPZULLIK	SILLY	Silly	55039	55	0.370616241206195
354	SOIGNIES	ZINNIK	SOIGNIES	Soignies	55040	55	0.272757965073395
355	ECAUSSINNES	ECAUSSINNES	ECAUSSINNES	Écaussinnes	55050	55	0.104223289520396
356	ANDERLUES	ANDERLUES	ANDERLUES	Anderlues	56001	56	0.330229415396153
357	BEAUMONT	BEAUMONT	BEAUMONT	Beaumont	56005	56	0.283786706270922
358	BINCHE	BINCHE	BINCHE	Binche	56011	56	0.473193193821864
359	CHIMAY	CHIMAY	CHIMAY	Chimay	56016	56	0.640900416551528
360	ERQUELINNES	ERQUELINNES	ERQUELINNES	Erquelinnes	56022	56	0.669293586644054
361	FROIDCHAPELLE	FROIDCHAPELLE	FROIDCHAPELLE	Froidchapelle	56029	56	0.49403710285213
362	LOBBES	LOBBES	LOBBES	Lobbes	56044	56	0.506705300453228
363	MERBES-LE-CHATEAU	MERBES-LE-CHATEAU	MERBES-LE-CHATEAU	Merbes-le-Château	56049	56	0.403417536640215
364	MOMIGNIES	MOMIGNIES	MOMIGNIES	Momignies	56051	56	0.540516239255053
365	THUIN	THUIN	THUIN	Thuin	56078	56	0.801353934460298
366	ESTINNES	ESTINNES	ESTINNES	Estinnes	56085	56	0.827504209723435
367	HAM-SUR-HEURE-NALINNES	HAM-SUR-HEURE-NALINNES	HAM-SUR-HEURE-NALINNES	Ham-sur-Heure-Nalinnes	56086	56	0.724587170868943
368	MORLANWELZ	MORLANWELZ	MORLANWELZ	Morlanwelz	56087	56	0.551151399777142
369	SIVRY-RANCE	SIVRY-RANCE	SIVRY-RANCE	Sivry-Rance	56088	56	0.365174308718948
370	ANTOING	ANTOING	ANTOING	Antoing	57003	57	0.586336260414937
371	CELLES	CELLES	CELLES	Celles	57018	57	0.544832644051317
372	ESTAIMPUIS	ESTAIMPUIS	ESTAIMPUIS	Estaimpuis	57027	57	0.4739841124038
373	PECQ	PECQ	PECQ	Pecq	57062	57	0.295098319505792
374	PERUWELZ	PERUWELZ	PERUWELZ	Péruwelz	57064	57	0.588578186336234
375	RUMES	RUMES	RUMES	Rumes	57072	57	0.38839696126987
376	TOURNAI	DOORNIK	TOURNAI	Tournai	57081	57	0.26957090127938
377	BRUNEHAUT	BRUNEHAUT	BRUNEHAUT	Brunehaut	57093	57	0.768948066782021
378	LEUZE-EN-HAINAUT	LEUZE-EN-HAINAUT	LEUZE-EN-HAINAUT	Leuze-en-Hainaut	57094	57	0.530333720057389
379	MONT-DE-L'ENCLUS	MONT-DE-L'ENCLUS	MONT-DE-L'ENCLUS	Mont-de-l'Enclus	57095	57	0.382460513719859
380	AMAY	AMAY	AMAY	Amay	61003	61	0.329972447739929
381	BURDINNE	BURDINNE	BURDINNE	Burdinne	61010	61	0.512964718720521
382	CLAVIER	CLAVIER	CLAVIER	Clavier	61012	61	0.440357632148575
383	FERRIERES	FERRIERES	FERRIERES	Ferrières	61019	61	0.431506453178537
384	HAMOIR	HAMOIR	HAMOIR	Hamoir	61024	61	0.435024079777523
385	HERON	HERON	HERON	Héron	61028	61	0.573582771302355
386	HUY	HOEI	HUY	Huy	61031	61	0.748691915429009
387	MARCHIN	MARCHIN	MARCHIN	Marchin	61039	61	0.622320112876617
388	MODAVE	MODAVE	MODAVE	Modave	61041	61	0.440317184282858
389	NANDRIN	NANDRIN	NANDRIN	Nandrin	61043	61	0.755089954310556
390	OUFFET	OUFFET	OUFFET	Ouffet	61048	61	0.367592366231747
391	VERLAINE	VERLAINE	VERLAINE	Verlaine	61063	61	0.446171832667716
392	VILLERS-LE-BOUILLET	VILLERS-LE-BOUILLET	VILLERS-LE-BOUILLET	Villers-le-Bouillet	61068	61	0.463277713930592
393	WANZE	WANZE	WANZE	Wanze	61072	61	0.823402910857962
394	ANTHISNES	ANTHISNES	ANTHISNES	Anthisnes	61079	61	0.733917314229172
395	ENGIS	ENGIS	ENGIS	Engis	61080	61	0.655846076598932
396	TINLOT	TINLOT	TINLOT	Tinlot	61081	61	0.342823404758829
397	ANS	ANS	ANS	Ans	62003	62	0.296377668940422
398	AWANS	AWANS	AWANS	Awans	62006	62	0.488727406059157
399	AYWAILLE	AYWAILLE	AYWAILLE	Aywaille	62009	62	0.671057281341591
400	BASSENGE	BITSINGEN	BASSENGE	Bitsingen	62011	62	0.665059824224767
401	BEYNE-HEUSAY	BEYNE-HEUSAY	BEYNE-HEUSAY	Beyne-Heusay	62015	62	0.548796910387583
402	CHAUDFONTAINE	CHAUDFONTAINE	CHAUDFONTAINE	Chaudfontaine	62022	62	0.427832572609236
403	COMBLAIN-AU-PONT	COMBLAIN-AU-PONT	COMBLAIN-AU-PONT	Comblain-au-Pont	62026	62	0.709378905511849
404	DALHEM	DALHEM	DALHEM	Dalhem	62027	62	0.385618230889598
405	ESNEUX	ESNEUX	ESNEUX	Esneux	62032	62	0.207546601468057
406	FLERON	FLERON	FLERON	Fléron	62038	62	0.654006639549022
407	HERSTAL	HERSTAL	HERSTAL	Herstal	62051	62	0.492325349725024
408	JUPRELLE	JUPRELLE	JUPRELLE	Juprelle	62060	62	0.371685171324629
409	LIEGE	LUIK	LIEGE	Liège	62063	62	0.591948143697953
410	OUPEYE	OUPEYE	OUPEYE	Oupeye	62079	62	0.687129458804791
411	SAINT-NICOLAS	SAINT-NICOLAS	SAINT-NICOLAS	Saint-Nicolas	62093	62	0.387453385551553
412	SERAING	SERAING	SERAING	Seraing	62096	62	0.470390328031182
413	SOUMAGNE	SOUMAGNE	SOUMAGNE	Soumagne	62099	62	0.648936316105287
414	SPRIMONT	SPRIMONT	SPRIMONT	Sprimont	62100	62	0.782364441677479
415	VISE	WEZET	VISE	Visé	62108	62	0.71990786604532
416	GRACE-HOLLOGNE	GRACE-HOLLOGNE	GRACE-HOLLOGNE	Grâce-Hollogne	62118	62	0.699153226950059
417	BLEGNY	BLEGNY	BLEGNY	Blégny	62119	62	0.403160559833175
418	FLEMALLE	FLEMALLE	FLEMALLE	Flémalle	62120	62	0.665295256646031
419	NEUPRE	NEUPRE	NEUPRE	Neupré	62121	62	0.537919830651004
420	TROOZ	TROOZ	TROOZ	Trooz	62122	62	0.58969711541643
421	AMBLEVE	AMEL	AMEL	Amel	63001	63	0.808424029941214
422	AUBEL	AUBEL	AUBEL	Aubel	63003	63	0.583582869417932
423	BAELEN	BAELEN	BAELEN	Baelen	63004	63	0.556396288657396
424	BULLANGE	BUELLINGEN	BUELLINGEN	Bullange	63012	63	0.375929444558703
425	BUTGENBACH	BUETGENBACH	BUETGENBACH	Butgenbach	63013	63	0.420297630670954
426	DISON	DISON	DISON	Dison	63020	63	0.538489590232887
427	EUPEN	EUPEN	EUPEN	Eupen	63023	63	0.707712651497545
428	HERVE	HERVE	HERVE	Herve	63035	63	0.225223854029551
429	JALHAY	JALHAY	JALHAY	Jalhay	63038	63	0.590055799461552
430	LA CALAMINE	KELMIS	KELMIS	La Calamine	63040	63	0.779156569413478
431	LIERNEUX	LIERNEUX	LIERNEUX	Lierneux	63045	63	0.440175397949252
432	LIMBOURG	LIMBURG	LIMBOURG	Limbourg	63046	63	0.208193417486969
433	LONTZEN	LONTZEN	LONTZEN	Lontzen	63048	63	0.647144623997189
434	MALMEDY	MALMEDY	MALMEDY	Malmedy	63049	63	0.541336243109645
435	OLNE	OLNE	OLNE	Olne	63057	63	0.984034458050787
436	PEPINSTER	PEPINSTER	PEPINSTER	Pepinster	63058	63	0.681733235286147
437	RAEREN	RAEREN	RAEREN	Raeren	63061	63	0.327168881580173
438	SAINT-VITH	SANKT VITH	SANKT VITH	Saint-Vith	63067	63	0.48784401504805
439	SPA	SPA	SPA	Spa	63072	63	0.568770811746248
440	STAVELOT	STAVELOT	STAVELOT	Stavelot	63073	63	0.0569481824888778
441	STOUMONT	STOUMONT	STOUMONT	Stoumont	63075	63	0.266947531999415
442	THEUX	THEUX	THEUX	Theux	63076	63	0.320847769320269
443	VERVIERS	VERVIERS	VERVIERS	Verviers	63079	63	0.47376831831696
444	WAIMES	WEISMES	WAIMES	Waimes	63080	63	0.691285348812736
445	WELKENRAEDT	WELKENRAEDT	WELKENRAEDT	Welkenraedt	63084	63	0.505000072281889
446	TROIS-PONTS	TROIS-PONTS	TROIS-PONTS	Trois-Ponts	63086	63	0.630623144884965
447	BURG-REULAND	BURG-REULAND	BURG-REULAND	Burg-Reuland	63087	63	0.13896920607156
448	PLOMBIERES	PLOMBIERES	PLOMBIERES	Plombières	63088	63	0.626637709050888
449	THIMISTER-CLERMONT	THIMISTER-CLERMONT	THIMISTER-CLERMONT	Thimister-Clermont	63089	63	0.628834276073242
450	BERLOZ	BERLOZ	BERLOZ	Berloz	64008	64	0.720191632172802
451	BRAIVES	BRAIVES	BRAIVES	Braives	64015	64	0.605585908650105
452	CRISNEE	CRISNEE	CRISNEE	Crisnée	64021	64	0.314337739058279
453	DONCEEL	DONCEEL	DONCEEL	Donceel	64023	64	0.60728056288818
454	FEXHE-LE-HAUT-CLOCHER	FEXHE-LE-HAUT-CLOCHER	FEXHE-LE-HAUT-CLOCHER	Fexhe-le-Haut-Clocher	64025	64	0.362733942971005
455	GEER	GEER	GEER	Geer	64029	64	0.551451254464199
456	HANNUT	HANNUIT	HANNUT	Hannut	64034	64	0.611544466421178
457	LINCENT	LIJSEM	LINCENT	Lincent	64047	64	0.513918093160517
458	OREYE	OERLE	OREYE	Oreye	64056	64	0.343537463353435
459	REMICOURT	REMICOURT	REMICOURT	Remicourt	64063	64	0.440845768817533
460	SAINT-GEORGES-SUR-MEUSE	SAINT-GEORGES-SUR-MEUSE	SAINT-GEORGES-SUR-MEUSE	Saint-Georges-sur-Meuse	64065	64	0.802042895258969
461	WAREMME	BORGWORM	WAREMME	Waremme	64074	64	0.540297842460379
462	WASSEIGES	WASSEIGES	WASSEIGES	Wasseiges	64075	64	0.548449679662091
463	FAIMES	FAIMES	FAIMES	Faimes	64076	64	0.679179388432104
464	AS	AS	AS	As	71002	71	0.685027207374842
465	BERINGEN	BERINGEN	BERINGEN	Beringen	71004	71	0.50159269869705
466	DIEPENBEEK	DIEPENBEEK	DIEPENBEEK	Diepenbeek	71011	71	0.733618457936313
467	GENK	GENK	GENK	Genk	71016	71	0.448551397569433
468	GINGELOM	GINGELOM	GINGELOM	Gingelom	71017	71	0.562290880875827
469	HALEN	HALEN	HALEN	Halen	71020	71	0.299714247048356
470	HASSELT	HASSELT	HASSELT	Hasselt	71022	71	0.708675665063165
471	HERCK-LA-VILLE	HERK-DE-STAD	HERK-DE-STAD	Herk-de-Stad	71024	71	0.660990704383323
472	BOURG-LEOPOLD	LEOPOLDSBURG	LEOPOLDSBURG	Leopoldsburg	71034	71	0.741412002708407
473	LUMMEN	LUMMEN	LUMMEN	Lummen	71037	71	0.663430365249584
474	NIEUWERKERKEN	NIEUWERKERKEN	NIEUWERKERKEN	Nieuwerkerken	71045	71	0.485159034542133
475	OPGLABBEEK	OPGLABBEEK	OPGLABBEEK	Opglabbeek	71047	71	0.635084563983011
476	SAINT-TROND	SINT-TRUIDEN	SINT-TRUIDEN	Sint-Truiden	71053	71	0.329938834616063
477	TESSENDERLO	TESSENDERLO	TESSENDERLO	Tessenderlo	71057	71	0.515020530739607
478	ZONHOVEN	ZONHOVEN	ZONHOVEN	Zonhoven	71066	71	0.703483970153548
479	ZUTENDAAL	ZUTENDAAL	ZUTENDAAL	Zutendaal	71067	71	0.374805892343582
480	HAM	HAM	HAM	Ham	71069	71	0.363444787221907
481	HEUSDEN-ZOLDER	HEUSDEN-ZOLDER	HEUSDEN-ZOLDER	Heusden-Zolder	71070	71	0.379386575431074
482	BOCHOLT	BOCHOLT	BOCHOLT	Bocholt	72003	72	0.571059634617046
483	BREE	BREE	BREE	Bree	72004	72	0.810875670316143
484	KINROOI	KINROOI	KINROOI	Kinrooi	72018	72	0.183889429463715
485	LOMMEL	LOMMEL	LOMMEL	Lommel	72020	72	0.423559981849666
486	MAASEIK	MAASEIK	MAASEIK	Maaseik	72021	72	0.438590884853902
487	NEERPELT	NEERPELT	NEERPELT	Neerpelt	72025	72	0.676707773968712
488	OVERPELT	OVERPELT	OVERPELT	Overpelt	72029	72	0.531988145995639
489	PEER	PEER	PEER	Peer	72030	72	0.720966597949685
490	HAMONT-ACHEL	HAMONT-ACHEL	HAMONT-ACHEL	Hamont-Achel	72037	72	0.572608579275468
491	HECHTEL-EKSEL	HECHTEL-EKSEL	HECHTEL-EKSEL	Hechtel-Eksel	72038	72	0.295573152275629
492	HOUTHALEN-HELCHTEREN	HOUTHALEN-HELCHTEREN	HOUTHALEN-HELCHTEREN	Houthalen-Helchteren	72039	72	0.756940831592369
493	MEEUWEN-GRUITRODE	MEEUWEN-GRUITRODE	MEEUWEN-GRUITRODE	Meeuwen-Gruitrode	72040	72	0.327447551825653
494	DILSEN-STOKKEM	DILSEN-STOKKEM	DILSEN-STOKKEM	Dilsen-Stokkem	72041	72	0.25371599713456
495	ALKEN	ALKEN	ALKEN	Alken	73001	73	0.391084018053992
496	BILZEN	BILZEN	BILZEN	Bilzen	73006	73	0.29844242969922
497	LOOZ	BORGLOON	BORGLOON	Borgloon	73009	73	0.709963991264036
498	HEERS	HEERS	HEERS	Heers	73022	73	0.600617092902037
499	HERSTAPPE	HERSTAPPE	HERSTAPPE	Herstappe	73028	73	0.404948696641238
500	HOESELT	HOESELT	HOESELT	Hoeselt	73032	73	0.504489077889654
501	KORTESSEM	KORTESSEM	KORTESSEM	Kortessem	73040	73	0.543725405635312
502	LANAKEN	LANAKEN	LANAKEN	Lanaken	73042	73	0.282100100249553
503	RIEMST	RIEMST	RIEMST	Riemst	73066	73	0.542258172186863
504	TONGRES	TONGEREN	TONGEREN	Tongeren	73083	73	0.62485705167728
505	WELLEN	WELLEN	WELLEN	Wellen	73098	73	0.422789825058266
506	MAASMECHELEN	MAASMECHELEN	MAASMECHELEN	Maasmechelen	73107	73	0.312989197492842
507	FOURONS	VOEREN	VOEREN	Voeren	73109	73	0.448426872951212
508	ARLON	AARLEN	ARLON	Arlon	81001	81	0.49180129459013
509	ATTERT	ATTERT	ATTERT	Attert	81003	81	0.33670621385527
510	AUBANGE	AUBANGE	AUBANGE	Aubange	81004	81	0.385640008227133
511	MARTELANGE	MARTELANGE	MARTELANGE	Martelange	81013	81	0.520479194243863
512	MESSANCY	MESSANCY	MESSANCY	Messancy	81015	81	0.435815033162238
513	BASTOGNE	BASTENAKEN	BASTOGNE	Bastogne	82003	82	0.781554238345372
514	BERTOGNE	BERTOGNE	BERTOGNE	Bertogne	82005	82	0.252764024432021
515	FAUVILLERS	FAUVILLERS	FAUVILLERS	Fauvillers	82009	82	0.431610891366027
516	HOUFFALIZE	HOUFFALIZE	HOUFFALIZE	Houffalize	82014	82	0.464747792360246
517	VIELSALM	VIELSALM	VIELSALM	Vielsalm	82032	82	0.716543040265213
518	VAUX-SUR-SURE	VAUX-SUR-SURE	VAUX-SUR-SURE	Vaux-sur-Sûre	82036	82	0.601796778999928
519	GOUVY	GOUVY	GOUVY	Gouvy	82037	82	0.391710281970509
520	SAINTE-ODE	SAINTE-ODE	SAINTE-ODE	Sainte-Ode	82038	82	0.825541599403459
521	DURBUY	DURBUY	DURBUY	Durbuy	83012	83	0.447547015896379
522	EREZEE	EREZEE	EREZEE	Erezée	83013	83	0.660818848959849
523	HOTTON	HOTTON	HOTTON	Hotton	83028	83	0.649440273699377
524	LA ROCHE-EN-ARDENNE	LA ROCHE-EN-ARDENNE	LA ROCHE-EN-ARDENNE	La Roche-en-Ardenne	83031	83	0.524850799773594
525	MARCHE-EN-FAMENNE	MARCHE-EN-FAMENNE	MARCHE-EN-FAMENNE	Marche-en-Famenne	83034	83	0.372988451700801
526	NASSOGNE	NASSOGNE	NASSOGNE	Nassogne	83040	83	0.43373428539493
527	RENDEUX	RENDEUX	RENDEUX	Rendeux	83044	83	0.451079306968858
528	TENNEVILLE	TENNEVILLE	TENNEVILLE	Tenneville	83049	83	0.320542339758396
529	MANHAY	MANHAY	MANHAY	Manhay	83055	83	0.684282883009896
530	BERTRIX	BERTRIX	BERTRIX	Bertrix	84009	84	0.582224123962025
531	BOUILLON	BOUILLON	BOUILLON	Bouillon	84010	84	0.670202989266647
532	DAVERDISSE	DAVERDISSE	DAVERDISSE	Daverdisse	84016	84	0.575839149564681
533	HERBEUMONT	HERBEUMONT	HERBEUMONT	Herbeumont	84029	84	0.287757344319342
534	LEGLISE	LEGLISE	LEGLISE	Léglise	84033	84	0.478892128025714
535	LIBIN	LIBIN	LIBIN	Libin	84035	84	0.360960328096623
536	NEUFCHATEAU	NEUFCHATEAU	NEUFCHATEAU	Neufchâteau	84043	84	0.628085943020262
537	PALISEUL	PALISEUL	PALISEUL	Paliseul	84050	84	0.306447361804513
538	SAINT-HUBERT	SAINT-HUBERT	SAINT-HUBERT	Saint-Hubert	84059	84	0.459126710567269
539	TELLIN	TELLIN	TELLIN	Tellin	84068	84	0.358787680005735
540	WELLIN	WELLIN	WELLIN	Wellin	84075	84	0.170863482540541
541	LIBRAMONT-CHEVIGNY	LIBRAMONT-CHEVIGNY	LIBRAMONT-CHEVIGNY	Libramont-Chevigny	84077	84	0.407770180150396
542	CHINY	CHINY	CHINY	Chiny	85007	85	0.681596682098212
543	ETALLE	ETALLE	ETALLE	Etalle	85009	85	0.476874338027565
544	FLORENVILLE	FLORENVILLE	FLORENVILLE	Florenville	85011	85	0.56664955132817
545	MEIX-DEVANT-VIRTON	MEIX-DEVANT-VIRTON	MEIX-DEVANT-VIRTON	Meix-devant-Virton	85024	85	0.364670074014031
546	MUSSON	MUSSON	MUSSON	Musson	85026	85	0.413121001224579
547	SAINT-LEGER	SAINT-LEGER	SAINT-LEGER	Saint-Léger	85034	85	0.377331888425186
548	TINTIGNY	TINTIGNY	TINTIGNY	Tintigny	85039	85	0.761697235249507
549	VIRTON	VIRTON	VIRTON	Virton	85045	85	0.627445368506644
550	HABAY	HABAY	HABAY	Habay	85046	85	0.577260487311492
551	ROUVROY	ROUVROY	ROUVROY	Rouvroy	85047	85	0.624420191348002
552	ANHEE	ANHEE	ANHEE	Anhée	91005	91	0.7188403192441
553	BEAURAING	BEAURAING	BEAURAING	Beauraing	91013	91	0.87743579134191
554	BIEVRE	BIEVRE	BIEVRE	Bièvre	91015	91	0.752189104014164
555	CINEY	CINEY	CINEY	Ciney	91030	91	0.533547270889541
556	DINANT	DINANT	DINANT	Dinant	91034	91	0.704242368711621
557	GEDINNE	GEDINNE	GEDINNE	Gedinne	91054	91	0.516562853192374
558	HAMOIS	HAMOIS	HAMOIS	Hamois	91059	91	0.70385923986469
559	HAVELANGE	HAVELANGE	HAVELANGE	Havelange	91064	91	0.434762084823993
560	HOUYET	HOUYET	HOUYET	Houyet	91072	91	0.503445076356651
561	ONHAYE	ONHAYE	ONHAYE	Onhaye	91103	91	0.376268178831371
562	ROCHEFORT	ROCHEFORT	ROCHEFORT	Rochefort	91114	91	0.611456396477131
563	SOMME-LEUZE	SOMME-LEUZE	SOMME-LEUZE	Somme-Leuze	91120	91	0.374298863345071
564	YVOIR	YVOIR	YVOIR	Yvoir	91141	91	0.379925799564364
565	HASTIERE	HASTIERE	HASTIERE	Hastière	91142	91	0.560116254790234
566	VRESSE-SUR-SEMOIS	VRESSE-SUR-SEMOIS	VRESSE-SUR-SEMOIS	Vresse-sur-Semois	91143	91	0.517717854170355
567	ANDENNE	ANDENNE	ANDENNE	Andenne	92003	92	0.549406366936125
568	ASSESSE	ASSESSE	ASSESSE	Assesse	92006	92	0.497329021124642
569	EGHEZEE	EGHEZEE	EGHEZEE	Eghezée	92035	92	0.387416593024871
570	FLOREFFE	FLOREFFE	FLOREFFE	Floreffe	92045	92	0.331228294404833
571	FOSSES-LA-VILLE	FOSSES-LA-VILLE	FOSSES-LA-VILLE	Fosses-la-Ville	92048	92	0.539273309882389
572	GESVES	GESVES	GESVES	Gesves	92054	92	0.690180780247639
573	METTET	METTET	METTET	Mettet	92087	92	0.530027694785885
574	NAMUR	NAMEN	NAMUR	Namur	92094	92	0.62994780595602
575	OHEY	OHEY	OHEY	Ohey	92097	92	0.478952213749582
576	PROFONDEVILLE	PROFONDEVILLE	PROFONDEVILLE	Profondeville	92101	92	0.415765634064897
577	SOMBREFFE	SOMBREFFE	SOMBREFFE	Sombreffe	92114	92	0.711727232168944
578	SAMBREVILLE	SAMBREVILLE	SAMBREVILLE	Sambreville	92137	92	0.603065459057644
579	FERNELMONT	FERNELMONT	FERNELMONT	Fernelmont	92138	92	0.613240068520518
580	JEMEPPE-SUR-SAMBRE	JEMEPPE-SUR-SAMBRE	JEMEPPE-SUR-SAMBRE	Jemeppe-sur-Sambre	92140	92	0.491032787091637
581	LA BRUYERE	LA BRUYERE	LA BRUYERE	La Bruyère	92141	92	0.691753279780175
582	GEMBLOUX	GEMBLOUX	GEMBLOUX	Gembloux	92142	92	0.441918644189234
583	CERFONTAINE	CERFONTAINE	CERFONTAINE	Cerfontaine	93010	93	0.781186608824221
584	COUVIN	COUVIN	COUVIN	Couvin	93014	93	0.340904870206932
585	DOISCHE	DOISCHE	DOISCHE	Doische	93018	93	0.392530688181581
586	FLORENNE	FLORENNE	FLORENNE	Florennes	93022	93	0.611948242018304
587	PHILIPPEVILLE	PHILIPPEVILLE	PHILIPPEVILLE	Philippeville	93056	93	0.500965411503142
588	WALCOURT	WALCOURT	WALCOURT	Walcourt	93088	93	0.676708734891606
589	VIROINVAL	VIROINVAL	VIROINVAL	Viroinval	93090	93	0.689524145860763
